drct,vsby,ceiling,tmpf,dwpf,relh,alti,gust_speed,ifr,lifr,ts,feel,tmi_duration,rate_nm,arrival_demand,sg_icao_empresa,sg_icao_origem,model_equip,scheduled_flight_time,adjusted_arrival_time_sin,adjusted_arrival_time_cos,adjusted_arrival_day_sin,adjusted_arrival_day_cos,adjusted_arrival_month_sin,adjusted_arrival_month_cos,departure_delay,flight_time_deviation,arrival_delay
0,2.70251536,99999,64.4,64.4,100.0,29.85,0,1,0,0,64.4,0,0.0,1,1,2,2,190,0.861629160441526,0.507538362960704,-2.44921270764475e-16,1.0,0.5,0.866025403784439,3,-7,-4
60,3.24128048,99999,64.4,64.4,100.0,29.83,0,0,0,0,64.4,0,0.0,7,1,2,3,195,0.995396198367179,0.0958457525202243,-2.44921270764475e-16,1.0,0.5,0.866025403784439,-2,-13,-15
70,3.24128048,99999,64.4,64.4,100.0,29.83,0,0,0,0,64.4,0,0.0,9,3,2,4,205,0.964787323828813,-0.263031214457975,-2.44921270764475e-16,1.0,0.5,0.866025403784439,11,-13,-2
70,4.31881072,99999,69.8,66.2,88.34,29.88,0,0,0,0,69.8,0,0.0,7,3,2,4,210,-0.0261769483078732,-0.999657324975557,-2.44921270764475e-16,1.0,0.5,0.866025403784439,-4,-25,-29
70,4.31881072,99999,69.8,66.2,88.34,29.88,0,0,0,0,69.8,0,0.0,7,2,2,1,200,-0.0305385132098229,-0.999533590836713,-2.44921270764475e-16,1.0,0.5,0.866025403784439,-3,30,27
340,4.85757584,10000,77.0,68.0,73.78,29.91,21,0,1,0,77.0,0,0.0,5,1,2,3,190,-0.619093949309834,-0.785316930880745,-2.44921270764475e-16,1.0,0.5,0.866025403784439,-2,4,2
340,4.85757584,10000,77.0,68.0,73.78,29.91,21,0,1,0,77.0,0,0.0,4,2,2,1,195,-0.629320391049837,-0.777145961456971,-2.44921270764475e-16,1.0,0.5,0.866025403784439,-9,4,-5
260,4.31881072,3000,69.8,66.2,88.34,29.88,0,0,1,1,69.8,0,0.0,13,3,2,4,200,-0.904455145454368,-0.426568739901459,-2.44921270764475e-16,1.0,0.5,0.866025403784439,14,-7,7
360,4.85757584,10000,69.8,66.2,88.34,29.85,0,0,1,0,69.8,0,0.0,8,1,2,3,200,-0.821646937942164,0.569996762596302,-2.44921270764475e-16,1.0,0.5,0.866025403784439,4,-16,-12
50,5.39634096,10000,71.6,66.2,83.09,29.88,0,0,1,0,71.6,0,0.0,13,2,2,1,195,-0.652759752462723,0.757564984384049,-2.44921270764475e-16,1.0,0.5,0.866025403784439,22,-10,12
50,5.39634096,10000,71.6,66.2,83.09,29.88,0,0,1,0,71.6,0,0.0,12,3,2,5,205,-0.540974471367994,0.841039012964392,-2.44921270764475e-16,1.0,0.5,0.866025403784439,44,-14,30
150,5.39634096,99999,68.0,66.2,93.97,29.91,0,0,0,0,68.0,0,0.0,2,1,2,3,195,0.207911690817759,0.978147600733806,0.78183148246803,0.623489801858734,0.5,0.866025403784439,23,-16,7
80,5.39634096,99999,64.4,64.4,100.0,30.03,0,0,0,0,64.4,0,0.0,3,1,2,1,200,0.994968518250912,0.100188061612076,0.78183148246803,0.623489801858734,0.5,0.866025403784439,-13,-9,-22
80,5.39634096,99999,64.4,64.4,100.0,30.03,0,0,0,0,64.4,0,0.0,4,1,2,1,200,0.972369920397677,-0.233445363855906,0.78183148246803,0.623489801858734,0.5,0.866025403784439,-16,-10,-26
60,5.39634096,99999,78.8,66.2,65.33,30.06,0,0,0,0,78.8,0,0.0,12,3,2,7,195,-0.555570233019602,-0.831469612302545,0.78183148246803,0.623489801858734,0.5,0.866025403784439,-5,19,14
130,5.39634096,99999,78.8,66.2,65.33,30.03,0,0,0,0,78.8,0,0.0,6,2,2,10,195,-0.933580426497202,-0.3583679495453,0.78183148246803,0.623489801858734,0.5,0.866025403784439,-4,0,-4
140,4.31881072,99999,73.4,69.8,88.51,30.0,0,0,0,1,73.4,0,0.0,9,2,2,9,200,-0.984807753012208,0.173648177666931,0.78183148246803,0.623489801858734,0.5,0.866025403784439,-5,-7,-12
170,3.24128048,99999,77.0,71.6,83.44,30.0,0,0,0,0,77.0,0,0.0,8,1,2,1,210,-0.831469612302545,0.555570233019602,0.78183148246803,0.623489801858734,0.5,0.866025403784439,35,-12,23
170,3.24128048,99999,77.0,71.6,83.44,30.0,0,0,0,0,77.0,0,0.0,10,3,2,4,205,-0.878817112661965,0.477158760259608,0.78183148246803,0.623489801858734,0.5,0.866025403784439,4,-5,-1
190,4.31881072,99999,77.0,71.6,83.44,30.0,0,0,0,0,77.0,0,0.0,10,2,2,10,200,-0.779884483092882,0.625923472184059,0.78183148246803,0.623489801858734,0.5,0.866025403784439,-5,8,3
